{"Epoch":9,"Training Accuracy":7.4411541381928625,"_timestamp":1.7687174151410077e+09,"_step":9,"_wandb":{"runtime":576},"Validation Loss":2.637650297534081,"_runtime":576,"Training Loss":2.6389509022954,"Validation Accuracy":7.755102040816326}