{"Epoch":2,"_runtime":246,"Training Loss":2.3818667696182985,"_timestamp":1.7686322587019331e+09,"Validation Loss":2.2845119699355094,"_wandb":{"runtime":246},"Validation Accuracy":25.510204081632654,"_step":2,"Training Accuracy":19.665907365223994}